{
    "data": "HELLO WORLD",
    "funnyNumber": 1337,
    "floaty": 42.41999816894531,
    "position": {
        "x": 0.10000000149011612,
        "y": 5.320000171661377,
        "z": -2.2200000286102297
    }
}